roll,pitch,yaw,accel_x,accel_y,accel_z,gyro_x,gyro_y,gyro_z,mag_x,mag_y,mag_z
-1.6196328853449296,-2.6417840387246723,179.4173239485081,698,1427,16642,-1,-1,1,49.875,199.625,-873.5
-2.5610037172929188,-4.091925045252215,178.93176615287234,731,1450,16703,-1,-1,1,50.125,202.625,-875.25
-3.106840172416628,-4.923444639318984,178.48516251895273,705,1444,16729,-1,1,2,46.375,203.375,-873.875
-3.3712623861685413,-5.3633654289499235,178.0534743966678,706,1437,16739,-1,-1,2,50.75,200.125,-871.375
-3.4813714807828977,-5.6577038953413945,177.62723660392933,717,1466,16730,-1,-1,2,47.375,200.625,-874.25
-3.5778783326332975,-5.876201718382305,177.1822299437333,713,1460,16745,-1,0,1,49.375,204.875,-874.625
-3.6306931470100547,-6.029928511637504,176.72692266347795,719,1460,16745,1,-3,2,52.875,206.875,-874.125
-3.6142890037022473,-6.085868251502576,176.2815760603154,698,1447,16758,0,1,1,52.125,204.5,-876.625
-3.5971591552777493,-6.162093893768043,175.8304726637101,720,1460,16761,-1,0,2,52.125,206.25,-876.0
-3.597506336678195,-6.262049138576069,175.37720285333845,734,1443,16744,1,-1,1,48.5,207.125,-872.0
-3.5541367439669362,-6.315893389728444,174.9248392338476,734,1457,16758,0,0,2,50.0,206.875,-874.625
-3.50617510125743,-6.3356458128204585,174.47246542077747,720,1440,16766,0,-1,1,51.25,204.875,-869.625
-3.4083773075281556,-6.316541830346472,174.03692146332932,715,1435,16755,1,0,2,50.0,201.125,-871.625
-3.350230429686355,-6.317811270040673,173.585358240091,718,1436,16749,-1,1,0,54.625,204.625,-877.25
-3.2774510928391365,-6.355265843304308,173.1525654377759,725,1446,16749,-1,-2,2,45.625,202.125,-874.375
-3.2455848273318373,-6.39641452485203,172.70208522815483,714,1446,16778,0,-2,1,49.375,205.625,-874.875
-3.167845183204066,-6.394720750851432,172.2608339802309,711,1447,16747,-2,-3,2,50.75,202.625,-874.5
-3.0831987317838725,-6.391129881172389,171.81575260014444,719,1455,16754,1,-1,2,53.375,201.75,-871.25
-3.01564700237323,-6.427598075476224,171.3722289464372,718,1470,16741,-1,-4,2,49.0,203.375,-875.75
-2.9797797626838074,-6.470130906018542,170.91976630352332,721,1457,16766,0,0,0,49.375,204.875,-874.75
-2.9465566658177647,-6.502378336399861,170.46881711129623,710,1450,16755,0,-1,2,49.375,205.875,-876.125
-2.892371251723996,-6.51399510613282,170.02456652865223,717,1441,16745,-2,0,2,49.125,202.75,-870.125
-2.8382075187274323,-6.531934669214628,169.58425683926984,711,1441,16754,-1,0,2,46.5,203.25,-873.5
-2.7599933830757335,-6.535223941388006,169.13678558909442,707,1463,16749,0,0,0,48.875,203.125,-872.75
-2.706063943338686,-6.528768455754961,168.68957752432672,702,1434,16751,0,-1,1,52.125,203.375,-873.125
-2.652896481580747,-6.5671912130160255,168.2422116917075,715,1459,16765,0,-1,1,47.375,204.125,-872.5
-2.563693662696165,-6.567712876465542,167.8013287431731,722,1458,16760,1,0,1,49.75,202.375,-875.75
-2.5329414489051114,-6.598761418849885,167.34992590290827,711,1446,16747,-1,1,1,49.5,205.5,-875.0
-2.453535233396789,-6.578298653674943,166.90626521353335,703,1450,16765,0,-1,2,52.875,203.0,-874.5
-2.392304180979525,-6.581304287809592,166.46458429835087,710,1435,16746,-1,-2,0,50.75,201.875,-872.125
-2.342360755890364,-6.5900765595643485,166.022241053108,702,1436,16740,0,0,2,50.625,203.375,-873.5
-2.296851715844435,-6.613610188851381,165.57494488252888,703,1443,16760,1,1,0,49.125,204.625,-874.625
-2.2173603582289236,-6.585374766007727,165.140047003279,704,1423,16751,-1,-2,1,53.375,201.375,-874.75
-2.204549323981042,-6.629369203833203,164.6889771844762,710,1422,16755,-1,-1,1,51.5,205.625,-870.875
-2.11988852218896,-6.614531990869171,164.2511703805856,696,1438,16733,0,0,0,50.25,201.875,-871.875
-2.0578039494436116,-6.595151294993991,163.81612312296542,678,1425,16753,-2,-1,1,50.625,201.625,-870.875
-1.9854219945690297,-6.585320807174044,163.38635023016454,687,1425,16744,0,-1,1,49.75,201.0,-873.125
-1.9533541651697013,-6.641680129946761,162.94024945148885,709,1437,16745,0,-1,0,48.875,204.5,-870.0
-1.8566820942171411,-6.626010776613332,162.5099208579502,704,1444,16745,0,0,1,50.75,201.0,-873.0
-1.8282074401813022,-6.653186613005284,162.07017010727205,693,1419,16736,0,0,0,48.75,203.875,-872.0
-1.7738392492596937,-6.6576772390094305,161.62774341134954,700,1423,16731,1,-1,0,53.375,204.875,-873.625
-1.6915360365094978,-6.667223370492091,161.19557485232346,703,1451,16740,0,0,1,48.125,201.875,-870.625
-1.6061994865955982,-6.6512956504205984,160.77035805700825,712,1432,16749,0,0,2,52.0,200.75,-871.875
-1.5844720003097466,-6.692200400146904,160.33654955743086,705,1422,16738,-3,-1,2,48.0,203.875,-871.75
-1.5331821502660965,-6.6884388571216125,159.9022720142665,681,1427,16721,-1,0,1,49.75,204.5,-874.5
-1.4692438002714763,-6.668672925785444,159.47980824441765,696,1401,16718,-1,-1,0,50.25,201.375,-873.125
-1.4319888890319046,-6.683134821982044,159.0483847966185,688,1414,16720,-1,0,2,49.5,204.125,-870.25
-1.370371517316428,-6.6801399046719645,158.62706752377764,691,1409,16742,1,-1,1,47.875,202.375,-873.5
-1.3050567707997505,-6.701382941710436,158.19463598763062,710,1437,16727,-1,-1,1,50.75,205.25,-874.5
-1.237115052249762,-6.696239431501488,157.7729075059857,710,1418,16746,-1,1,1,49.875,202.0,-870.125
-1.1410347445009865,-6.680273355369877,157.34872422789985,696,1453,16730,0,0,1,51.125,203.0,-874.0
-1.0551269897918938,-6.6629492861290185,156.93643684692807,708,1430,16739,0,0,1,50.125,200.125,-873.375
-1.0268393961366173,-6.684504813445841,156.50851192196714,701,1417,16736,1,1,2,52.125,205.625,-874.25
-0.9703548255328018,-6.691203522254971,156.0866776213454,707,1430,16749,-1,0,2,51.5,204.25,-873.875
-0.893077660941985,-6.698856008797378,155.66601956574272,700,1450,16743,2,-1,0,47.875,201.625,-868.0
-0.8057266286816874,-6.678637864376247,155.25920042075597,704,1444,16752,-1,0,2,48.75,200.0,-872.5
-0.7369146350844369,-6.664338745278171,154.8433050272121,692,1448,16760,-1,0,1,51.375,202.625,-873.75
-0.6812201784644525,-6.683773221628028,154.4312978608734,705,1445,16750,0,-2,2,47.875,201.75,-871.75
-0.6530376427097367,-6.727409028775287,154.00131184979847,706,1447,16754,0,-2,0,49.625,206.25,-870.875
-0.5918522109939337,-6.717098740356853,153.59050011648037,704,1436,16763,-1,-2,2,49.75,202.75,-870.5
-0.5313478847928966,-6.700625250532667,153.17999918763417,702,1430,16740,0,1,1,50.5,203.875,-875.0
-0.4445371931294687,-6.66536958026781,152.7821941344236,712,1431,16742,0,-1,2,51.625,200.125,-870.0
-0.41576786209180167,-6.694319953193472,152.37037447289677,706,1426,16751,0,-1,0,47.125,203.5,-871.5
-0.37743399001322014,-6.710936048273371,151.96016872184532,703,1432,16747,-2,-1,1,47.0,203.75,-870.0
-0.31140126865119183,-6.715120876029781,151.5458809368979,716,1448,16758,0,-1,-1,50.125,205.0,-871.0
-0.2490280631572223,-6.684521133099363,151.14131569751933,687,1435,16773,0,-1,1,50.25,204.375,-872.75
-0.19385477518148816,-6.68740705189224,150.73983380910786,694,1436,16740,1,-1,0,45.0,203.0,-873.75
-0.10820003327963373,-6.652937503938261,150.3457037342023,704,1447,16746,-2,0,1,50.0,202.375,-873.875
-0.048832255973324,-6.628482873044161,149.95102296252443,686,1434,16748,-1,-2,1,49.5,203.0,-873.75
0.002883661667226061,-6.64271159007492,149.55243546339577,710,1440,16749,2,-1,2,49.125,204.5,-872.375
0.07007965958946347,-6.617920792820841,149.1565162253328,695,1442,16734,-1,-1,0,51.125,203.625,-871.25
0.11919511050835499,-6.6176515065122175,148.76169551840565,706,1436,16752,-1,-1,1,50.25,204.75,-873.625
0.16921095908803738,-6.6202129057624575,148.36803370491683,713,1437,16751,-2,0,0,49.25,204.375,-873.125
0.2434120965907081,-6.579516949471544,147.98247438257738,688,1445,16739,-1,0,2,51.5,204.375,-875.375
0.2858482034672834,-6.585968436281039,147.59701864981332,705,1430,16746,0,-1,2,48.125,203.75,-872.625
0.34358604229523726,-6.573071267204443,147.21230992833205,709,1433,16733,-1,-1,1,51.125,204.75,-873.875
0.4130823346558745,-6.551445398128757,146.83643637751968,706,1439,16730,-1,-2,2,49.875,203.0,-874.625
0.4908198786006177,-6.511581815048618,146.46261849053872,697,1444,16735,-1,-2,1,51.875,202.625,-873.625
0.5459663041234487,-6.491082207238882,146.09618484496846,719,1424,16741,-2,1,2,50.875,200.875,-870.625
0.6210038255474947,-6.476907249639004,145.73540875240982,721,1444,16738,0,-1,2,48.25,199.0,-872.25
0.6658656836577245,-6.472758860688144,145.35942717889918,694,1447,16741,-1,0,0,49.125,203.0,-871.875
0.6950610221196237,-6.506835017753603,144.97694101972428,727,1446,16750,-2,0,1,50.625,207.0,-874.25
0.7437879075448777,-6.489970414176202,144.60690393603525,703,1434,16729,0,-1,1,49.875,204.5,-873.625
0.818837493059008,-6.461960350149299,144.24274587469404,720,1451,16755,-1,-1,0,51.25,202.625,-871.0
0.8665443910512529,-6.461940209230705,143.8772439382378,716,1437,16737,3,-1,1,49.0,203.875,-873.0
0.9031116749769098,-6.4771622689196,143.50445506914792,711,1449,16738,0,-1,1,48.25,206.375,-873.75
0.9685622204138602,-6.440624764783411,143.14884136277757,696,1449,16739,0,-2,2,47.875,202.0,-870.125
1.0525014586973216,-6.3632288309479295,142.80464699452673,698,1440,16740,-1,-2,1,53.375,201.25,-871.875
1.1032054019116826,-6.343070658000659,142.45129235661514,701,1444,16725,-1,0,0,50.0,202.375,-872.5
1.133823383784432,-6.330719814723367,142.09545760526058,688,1437,16734,-2,1,0,48.75,203.375,-871.875
1.1540996356082962,-6.337801477173872,141.74292216778198,701,1419,16749,1,-2,1,47.75,203.5,-870.375
1.208574804211069,-6.3113448178655265,141.39654318544734,700,1436,16739,0,-1,1,50.0,203.75,-872.5
1.236264269044043,-6.320266464822227,141.04100076727656,709,1433,16754,-1,0,1,50.0,207.25,-873.125
1.2869404182579056,-6.323443966115998,140.69363085117584,719,1446,16760,0,-1,1,47.625,205.375,-876.0
1.3606808992551502,-6.26167533190341,140.36228541073785,699,1441,16756,-1,-1,2,51.0,203.0,-873.625
1.407180656357086,-6.21742626939172,140.03124679323696,695,1421,16746,-1,0,0,49.5,202.25,-874.375
1.4651435635194985,-6.180508332965278,139.70168083390516,697,1436,16744,-1,-1,0,49.625,201.25,-870.375
1.489786519862632,-6.195973199909954,139.3655310671057,711,1431,16771,-1,-2,2,48.25,204.375,-871.75
1.528545405154428,-6.182568755511355,139.0335681113996,695,1433,16751,-1,-2,1,47.875,204.375,-875.25
1.582480538681304,-6.112688179052044,138.71784963138546,671,1418,16741,0,-1,2,49.375,200.5,-868.375
1.5749078244967887,-6.179243663904793,138.3693944138719,700,1424,16741,0,-2,0,44.125,207.75,-872.625
1.6240348351629388,-6.18580835945009,138.03666225302712,713,1453,16771,-2,0,1,45.125,205.25,-872.0
1.694988417877645,-6.157506269797707,137.71376078674646,729,1449,16751,-1,0,1,50.375,206.25,-873.5
1.7738822286422695,-6.073579062427531,137.410753002087,699,1433,16736,-1,-1,1,50.375,201.375,-874.75
1.8205223312859158,-6.026646861210177,137.10432083880997,693,1427,16748,-2,-2,2,49.75,202.25,-872.875
1.8608859699510867,-6.020950862223081,136.78858481300864,709,1437,16745,0,-1,0,48.625,203.875,-873.0
1.881879773021335,-6.028800941908492,136.47195648565076,709,1430,16750,-1,1,2,47.5,205.875,-874.625
1.938031347663613,-5.9692689337027565,136.17230488453424,687,1432,16736,-1,0,2,49.375,202.625,-873.125
1.96572144808383,-5.950943974169376,135.86259942243828,692,1422,16737,0,0,1,49.625,205.625,-871.75
2.0054348664273958,-5.944738753331913,135.55425302596447,698,1441,16767,1,-1,2,48.125,205.5,-872.375
2.044125601647776,-5.923527558093068,135.26153362599572,720,1420,16742,-2,-1,3,48.75,202.625,-870.75
2.1011354587912767,-5.909944971072754,134.95805381786244,714,1455,16755,-1,-2,1,50.375,206.25,-872.25
2.16025343405191,-5.825905751337116,134.67745365103713,679,1428,16750,-1,-1,2,50.875,201.625,-873.5
2.182182926584343,-5.825680830275942,134.3789309183277,691,1430,16739,0,-2,2,48.75,205.25,-871.0
2.2054177639244408,-5.809345197045737,134.0851555934386,694,1421,16750,-1,0,0,48.25,204.75,-874.625
2.2527756605163276,-5.782100965808325,133.80370990528337,705,1435,16760,-1,-1,2,47.875,202.375,-875.125
2.3287888311954124,-5.742303977115629,133.52411088641026,713,1459,16761,1,-1,0,50.375,202.375,-874.125
2.3562251387674014,-5.718613868305121,133.23943443371323,683,1436,16774,0,-1,1,48.625,204.0,-873.625
2.3942965105338216,-5.701703786979848,132.9562979246075,707,1439,16758,-1,-2,-1,50.125,203.875,-871.125
2.4229698439615555,-5.696652749906945,132.6732321720106,708,1438,16751,-1,0,0,48.625,204.75,-873.875
2.442112696294205,-5.699653428188065,132.39059251459665,703,1431,16744,0,-1,1,46.75,204.375,-870.75
2.4781281992840642,-5.6813407058074405,132.11513093591344,714,1432,16748,0,-2,1,49.625,205.5,-871.625
2.5325150747456506,-5.6537662441110275,131.84695779464337,716,1452,16742,-1,-1,2,48.75,203.625,-872.5
2.575584919857593,-5.59915374068538,131.58024705710443,690,1439,16753,-1,-1,1,51.625,205.75,-872.875
2.6364946640049856,-5.557747742015415,131.3207196666602,717,1453,16754,0,-1,0,51.125,202.625,-872.5
2.6672732278414166,-5.564128770906667,131.05528792677237,728,1450,16760,-1,-1,1,48.375,203.375,-872.5
2.7048768053090617,-5.5439823205119705,130.7973327408383,718,1447,16748,-1,-2,1,48.5,202.125,-871.875
2.754942744897044,-5.503803518791709,130.5413100467886,703,1464,16764,-1,-1,2,50.875,204.625,-873.875
2.8052070582839472,-5.452822740229573,130.2940174663479,709,1454,16758,-1,-2,1,52.25,202.875,-873.0
2.803377701175657,-5.441432361951672,130.03897157895656,702,1420,16760,0,2,1,48.75,203.625,-872.0
2.837977589649301,-5.401146292135452,129.79208710901122,692,1445,16754,-1,0,1,49.125,202.0,-872.625
2.8689520531486292,-5.3643466845383045,129.5504042576877,717,1433,16755,-3,0,0,52.25,203.0,-871.75
2.88655805790618,-5.332787540122485,129.31191483841027,707,1417,16752,0,1,1,50.625,202.625,-874.625
2.912360775855293,-5.318526055268032,129.0717687796529,709,1436,16749,-1,1,1,48.25,201.25,-873.0
2.9544478047865743,-5.301906333891079,128.829472783331,697,1462,16761,-1,-2,1,48.5,202.75,-874.625
2.9853194322600505,-5.272599206645364,128.597610685362,714,1433,16749,0,-1,2,51.875,204.0,-874.375
3.000379594167182,-5.270195489624316,128.3549786641565,698,1439,16759,0,-1,0,47.5,202.875,-871.375
3.041617373908822,-5.251411081862423,128.12130201832434,715,1452,16744,0,-2,1,50.5,204.625,-875.75
3.053848308228328,-5.223720709205888,127.88321349653036,684,1429,16749,1,0,1,50.625,206.25,-868.75
3.068570294999407,-5.208023258967408,127.6479424993184,694,1436,16767,-2,-1,0,48.375,205.0,-876.375
3.088604507533587,-5.191217939601844,127.41788118856827,695,1433,16735,-1,-2,1,47.5,203.125,-871.875
3.1269109213441846,-5.168206693574804,127.18969553538149,702,1452,16756,0,0,1,48.625,204.0,-871.25
3.158034282332642,-5.167107496525689,126.95653067536767,711,1460,16771,-1,0,0,47.75,205.125,-872.25
3.1833640145213304,-5.150585506211705,126.73835262378641,726,1436,16743,-1,0,2,48.25,202.875,-871.375
3.2229100124884114,-5.104315328827292,126.5206858850339,695,1451,16743,0,1,1,48.75,203.125,-870.875
3.250834117499192,-5.063785376527849,126.30860600668264,709,1433,16754,0,-1,1,51.375,204.5,-871.375
3.2972882973805904,-4.9838651593601275,126.11181091776123,700,1432,16744,0,-2,1,54.125,202.75,-874.0
3.317538695735388,-4.948829087536832,125.90881257980496,704,1428,16748,-1,0,1,51.5,202.0,-873.0
3.3182506445846593,-4.973280074989023,125.69358087079155,705,1437,16744,-2,-2,2,46.25,201.625,-871.0
3.3567436446285956,-4.91534991075256,125.49871295690808,709,1431,16746,0,0,1,53.75,204.125,-875.875
3.371674690213997,-4.895746583057839,125.30010287174233,712,1426,16754,-2,-2,2,51.875,204.0,-874.75
3.3937426318950696,-4.903635103115231,125.08426609667332,694,1457,16734,-1,-1,-1,47.875,204.5,-873.875
3.4301313648289,-4.8410800187036775,124.89636798741799,690,1436,16736,-1,-2,2,52.0,202.0,-873.625
3.4461465794452364,-4.833948347518242,124.69550648538466,704,1439,16730,-1,0,2,51.5,205.75,-871.625
3.4650722860143914,-4.7996209332464534,124.50761390247109,711,1421,16731,-1,-1,1,52.625,203.875,-875.75
3.472421698952368,-4.811115416622298,124.30792232632903,713,1431,16742,0,-1,1,49.125,204.25,-872.625
3.505313894915811,-4.747573036852046,124.12925990972806,706,1424,16744,-1,0,0,52.875,201.75,-873.0
3.5300021034414515,-4.736407395046613,123.93872847901633,702,1443,16752,1,-1,1,49.875,202.75,-872.375
3.564227288771486,-4.684426601141501,123.76216970817758,699,1438,16744,-1,0,1,52.125,200.875,-871.25
3.575300148814465,-4.689369124086685,123.57498391131412,707,1436,16729,-1,-2,1,49.125,201.75,-872.75
3.5843373400584095,-4.683232667158871,123.39211689139817,706,1425,16735,1,-2,2,49.875,203.0,-872.5
3.6242479805842884,-4.639351130296944,123.2198589544685,698,1450,16731,-1,-1,2,50.5,200.375,-873.25
3.633422131050958,-4.630094224667638,123.03798862693294,698,1434,16732,-1,-1,1,50.0,203.375,-873.375
3.6593451705531317,-4.6077767587777325,122.85908397422979,692,1450,16743,-1,-2,0,49.125,201.125,-872.0
3.689784078335789,-4.596212748706825,122.68419283048193,721,1455,16752,-1,0,1,51.375,203.625,-873.375
3.681058264600101,-4.629054056582128,122.49987719703546,723,1434,16740,-2,0,2,47.625,204.75,-874.25
3.7103069534265924,-4.5740725833119775,122.33873193828236,708,1434,16755,0,0,0,48.375,197.125,-871.625
3.744145536325359,-4.556715669409556,122.16668443637701,711,1460,16732,0,0,1,50.25,203.625,-872.5
3.7617395934987727,-4.53200708299836,122.00103469734347,715,1442,16758,-2,-2,1,51.375,203.0,-869.125
3.796078066189534,-4.495919106159105,121.84355399016415,719,1452,16735,-1,-1,2,52.125,202.125,-871.75
3.798616485640741,-4.4922795025685005,121.67729808899122,709,1435,16738,0,-1,2,49.625,203.375,-873.625
3.801625274854184,-4.500803591574051,121.50412974934873,703,1448,16767,-1,-1,0,46.125,201.625,-874.125
3.815361390735217,-4.467128232426194,121.34673601029316,708,1435,16747,-2,-1,1,49.5,201.625,-872.875
3.8395524131974885,-4.4315555447165185,121.19346990593814,711,1444,16779,0,-1,2,50.75,202.25,-871.625
3.8554522119316093,-4.396266369790271,121.0421890387876,704,1440,16774,-2,-1,2,50.625,202.25,-875.375
3.864166490077152,-4.39522829147818,120.88623560840107,717,1435,16744,1,0,2,48.875,202.625,-877.25
3.892384049490238,-4.33729771797378,120.74094784161204,702,1439,16765,-1,-2,0,53.625,203.5,-872.125
3.9121350751974244,-4.289077285615994,120.59957688774423,700,1433,16754,0,1,2,53.0,202.125,-871.125
3.906980295808562,-4.320976805019372,120.43518366330375,705,1443,16769,0,0,1,48.0,203.875,-870.375
3.9061690893513443,-4.288938307612737,120.28458352565572,676,1424,16745,-1,0,1,49.25,203.375,-877.25
3.9305827571456704,-4.276206799769799,120.13646954309606,704,1450,16746,-1,-2,2,50.75,204.25,-873.375
3.937998201400457,-4.24839772998994,119.99436715539117,701,1427,16746,-2,0,2,51.375,203.75,-872.125
3.975922059881565,-4.213247826494235,119.85656236714478,707,1455,16754,0,0,1,51.25,201.0,-871.5
3.977322672923817,-4.219467761948168,119.71035333314803,709,1435,16753,-1,-1,1,48.75,201.375,-870.5
3.994616496155549,-4.224442318464423,119.56368794875334,726,1444,16728,0,-1,0,51.875,207.0,-875.0
4.018151061128383,-4.181298729725434,119.43264203383946,712,1440,16748,-1,1,1,51.5,201.625,-873.0
4.030962220504861,-4.1860229224171,119.28590846905087,696,1457,16755,0,-1,1,47.25,201.625,-871.875
4.04107445444163,-4.165979806847587,119.14586755441142,698,1441,16768,1,-1,1,51.0,205.75,-872.5
4.0495170046553115,-4.133057729279426,119.0129299869174,689,1439,16740,-3,-1,2,50.125,202.875,-873.125
4.062864538357121,-4.134399922835501,118.87375888513438,712,1451,16759,-1,0,0,48.0,201.125,-871.375
4.077782335894459,-4.085321723591719,118.74759718580475,698,1432,16764,-1,-2,0,53.0,204.5,-873.125
4.083945070837938,-4.078457540805344,118.61948928902228,726,1433,16754,-2,1,1,50.875,202.625,-871.75
4.09313468288691,-4.062856654658402,118.48818461235936,693,1439,16742,0,-1,2,50.125,203.875,-869.75
4.110081461779973,-4.037352872268863,118.3596492184172,700,1441,16748,0,-1,0,51.625,204.25,-869.25
4.101880164990165,-4.040989813699435,118.22203538303204,692,1428,16729,-1,0,0,49.0,204.875,-868.75
4.097151441381751,-4.042704316621185,118.08859795136838,710,1419,16739,0,-1,-1,49.625,205.375,-871.875
4.113205411267753,-4.014054659752509,117.9640434954451,696,1432,16745,1,-1,0,49.0,202.25,-872.5
4.1033346866666,-4.006573696224381,117.83299486466673,692,1409,16752,2,-1,-1,48.0,203.75,-872.25
4.132043464111408,-3.9506897124341123,117.72076819772303,696,1432,16748,-1,-2,-1,49.375,197.875,-871.875
4.1402751269615345,-3.955614950995617,117.59629240391429,711,1433,16749,0,0,1,49.375,204.5,-873.75
4.164802543268542,-3.921962160422203,117.47795829174092,689,1441,16742,1,-1,0,50.0,202.625,-871.25
4.158650086938996,-3.946899968267016,117.34568028753904,691,1434,16744,0,-2,1,46.375,204.25,-872.625
4.171240684219613,-3.925408541029125,117.22764104785502,698,1435,16743,-1,0,1,49.0,203.75,-871.875
4.188945411471259,-3.8759349988739813,117.11979582197644,692,1424,16752,2,0,1,51.125,203.625,-874.625
4.193308727083795,-3.884087563204052,116.99828143560558,703,1434,16738,0,0,1,48.625,204.25,-867.75
4.205692503402953,-3.891433005965531,116.87886332244148,709,1447,16755,-1,0,2,48.375,205.25,-872.375
4.204362714413708,-3.892512909850531,116.75872218547964,692,1429,16742,1,-1,2,47.125,205.5,-875.25
4.214454331304217,-3.8405347404172754,116.65576548531753,689,1421,16754,-1,-1,2,50.25,203.125,-868.75
4.236657307845926,-3.7953071834640477,116.55600485613047,698,1432,16732,-1,0,2,51.75,204.5,-876.125
4.257305419556264,-3.757790095363747,116.45328175452542,675,1443,16747,0,0,2,48.0,198.75,-873.625
4.264370924222752,-3.744977182915885,116.35135320182202,704,1428,16745,0,1,2,50.125,202.125,-873.5
4.285651626469489,-3.7074003181347885,116.2571498806707,695,1436,16749,0,-1,2,51.25,200.375,-871.25
4.2896041898678545,-3.714373211744189,116.15159304951118,704,1437,16761,0,1,2,49.875,203.375,-871.875
4.29563738014811,-3.7165600343445817,116.04645589171405,704,1443,16764,-3,-1,1,49.375,202.375,-870.5
4.299488518522198,-3.7202641123424183,115.94067274697933,704,1439,16773,-1,-1,1,49.125,203.75,-873.25
4.321334670913693,-3.680037742562924,115.85308706205457,715,1432,16744,0,0,1,51.5,200.25,-872.5
4.3245843681071365,-3.673525166786559,115.74941711544567,700,1437,16757,-1,2,0,50.75,205.625,-872.5
4.351518953215879,-3.6528102464659415,115.65752663054451,712,1450,16739,0,-1,1,51.125,201.75,-873.125
4.350230623529218,-3.6508255066885016,115.56004619215315,702,1432,16762,0,-2,1,49.125,201.25,-871.25
4.359927120281511,-3.5969735918835903,115.48118977730644,694,1421,16752,0,-1,3,52.375,200.375,-869.875
4.356894697154272,-3.5902561821508,115.38618143197306,690,1431,16761,-1,1,2,50.375,203.25,-870.5
4.3734924730979685,-3.569270285411229,115.30206896166551,713,1437,16751,-1,0,2,53.25,203.875,-872.125
4.370672780653087,-3.5524356050915173,115.21163554015682,685,1432,16754,-4,0,2,51.625,204.625,-874.5
4.368052874313941,-3.588838358991088,115.11027292766884,707,1443,16779,-1,-2,2,48.625,204.5,-872.25
4.385364262137578,-3.583273922428963,115.01833025543826,700,1458,16761,-3,1,2,48.125,201.5,-877.625
4.3871029161879065,-3.5729408416694874,114.93121648393604,711,1428,16756,-1,-1,1,49.875,202.0,-872.125
4.400091106133805,-3.5345260527813425,114.84716105591733,691,1435,16765,-1,-2,-1,49.875,199.5,-873.0
4.40789863359638,-3.5432176417301706,114.75372794288876,707,1445,16739,-1,1,0,48.5,201.875,-871.875
4.4015445121691466,-3.5446544936819047,114.6634066881608,695,1427,16757,0,-2,2,48.875,203.875,-872.0
4.422304579974527,-3.522795299193166,114.58160646980055,708,1455,16778,-3,1,2,50.5,203.5,-874.25
4.425880240682364,-3.511285977532988,114.4961740666343,713,1432,16765,-1,0,-1,50.875,204.375,-874.625
4.436776617323701,-3.510374867004778,114.40677567219029,704,1449,16742,-2,-1,0,49.875,204.875,-871.25
4.441033257194781,-3.4870341409269168,114.32685323403082,699,1427,16742,1,-1,1,50.5,203.375,-871.625
4.447527147709048,-3.4581386124124944,114.25015728841313,695,1431,16762,0,-1,2,52.0,205.5,-872.125
4.456132158775731,-3.446730790481196,114.17483509322162,716,1434,16746,-1,0,1,49.875,200.0,-873.125
4.470389267709891,-3.438071637539858,114.09790313024038,713,1443,16752,0,-1,1,50.625,202.0,-869.625
4.500525452395022,-3.3850935062419762,114.03472989111877,716,1438,16750,2,-2,-1,55.5,203.875,-874.25
4.486549986645046,-3.401323839874269,113.94755053499074,697,1433,16756,-2,-1,-1,49.75,204.0,-872.375
4.492771424675678,-3.4267440984039546,113.86048958822063,705,1453,16747,1,0,1,47.625,202.75,-874.375
4.488998667095299,-3.4226688461151586,113.7773000721358,696,1437,16762,-1,-1,0,50.25,206.75,-872.5
4.505398004567154,-3.393340569974497,113.70865137059002,708,1446,16745,-2,0,1,49.875,199.875,-872.875
4.516470174049947,-3.3852002754184465,113.63591135542543,718,1446,16760,-1,-1,1,52.5,206.5,-869.0
4.532341100774377,-3.363278362551148,113.56228489548205,700,1454,16753,-1,0,-1,49.75,200.875,-873.875
4.542966414082999,-3.3321298928927163,113.49777660465145,709,1438,16733,-1,-1,0,52.75,202.875,-871.875
4.527549027136109,-3.3531495265802307,113.42001358963861,714,1429,16739,-2,-1,0,49.125,202.75,-873.375
4.534524184666093,-3.354812776082078,113.34729858259064,715,1445,16760,0,-1,1,50.5,204.625,-871.125
4.542039717816518,-3.3493627341439103,113.27495996668185,703,1449,16740,-1,0,1,48.0,200.5,-874.125
4.529901460653904,-3.3704578310060946,113.19723041781477,714,1435,16775,0,1,2,47.625,203.75,-868.75
4.5420994057007364,-3.3560209651057713,113.13183813970377,719,1448,16771,-1,0,3,50.875,206.0,-870.375
4.554308281623898,-3.319720567811551,113.0744243033965,721,1436,16761,-1,-1,1,51.75,202.5,-872.0
4.5711933567238585,-3.2870322190002152,113.01384517653102,702,1448,16755,0,-1,1,50.375,200.375,-870.625
4.586992285364761,-3.2839520268829214,112.94861882444211,716,1456,16742,0,-1,1,50.5,202.5,-870.625
4.587409084239819,-3.278548273066668,112.88197184223255,701,1443,16738,0,-1,1,48.875,200.875,-872.0
4.591008535872245,-3.242864584285383,112.82358814993138,694,1435,16739,0,0,1,51.75,203.375,-873.75
4.593084296496303,-3.1993657335292265,112.77054930452798,693,1427,16746,0,0,1,53.125,202.75,-870.75
4.599753038706622,-3.219561225506774,112.70643828020026,728,1447,16740,0,0,0,50.125,201.125,-876.5
4.599489212856304,-3.2404618847485565,112.63692791157843,711,1449,16757,0,-1,1,49.75,204.625,-870.25
4.609931959679402,-3.2339267960954095,112.58029944758837,731,1446,16763,0,0,1,51.5,203.0,-871.5
4.61588217422347,-3.2440467614181845,112.51748709661865,719,1456,16745,-2,-1,2,49.25,202.75,-873.75
4.616894145771061,-3.22600313750657,112.4605472028058,706,1441,16727,-2,-1,2,51.125,204.875,-874.5
4.621303735285058,-3.1667107669520003,112.41535842699682,696,1427,16734,-1,1,1,52.625,201.0,-872.125
4.594074000559513,-3.232492200430762,112.3337086245489,698,1440,16753,-2,-2,1,44.375,202.0,-872.5
4.5909677660328185,-3.2305834458890907,112.27052573528228,707,1436,16763,-1,-1,1,49.375,205.875,-873.5
4.5905419759358566,-3.2134817072762436,112.2094938345388,698,1432,16729,-1,1,0,47.875,201.25,-871.25
4.6235845214807,-3.1889040567970155,112.15263283564465,711,1464,16734,0,-1,-1,51.125,204.5,-871.75
4.639845410223076,-3.1154120829188137,112.1149881209803,696,1429,16746,0,-3,0,54.0,201.0,-871.625
4.661450419356265,-3.1299263103973654,112.06127939657118,727,1467,16747,0,-1,2,51.125,202.625,-871.0
4.6789252781880935,-3.1113148316200205,112.01275383324686,706,1461,16739,-1,-2,2,53.25,205.125,-868.5
4.688547766719024,-3.0891178773915824,111.96729227457188,706,1451,16739,0,0,2,52.5,202.0,-869.5
4.670084214193903,-3.123901970145832,111.90425832304389,706,1442,16747,0,1,2,48.125,202.375,-869.625
4.684821935850311,-3.0775853374467737,111.86600791937816,709,1447,16744,-2,-1,1,53.375,201.0,-871.5
4.67982185006816,-3.0863439283023864,111.81045289431653,705,1447,16748,-1,0,1,51.25,205.0,-870.625
4.682430489009912,-3.0838029749106415,111.76077828262318,714,1447,16739,-1,0,1,51.5,203.25,-871.125
4.667342797168641,-3.0943747804856674,111.70740347425766,709,1432,16745,-1,0,2,50.625,205.375,-873.625
4.676106721998962,-3.0624234869819156,111.66479766458251,704,1440,16744,0,0,1,52.375,202.75,-868.875
4.677124235605231,-3.0469056952406377,111.62389602427247,719,1433,16750,-1,-1,1,52.0,200.625,-871.625
4.684182707364735,-3.0021076233599255,111.59162958503386,701,1429,16741,0,-1,2,52.75,198.125,-871.625
4.68179344970219,-3.020396560493693,111.54336898995851,719,1440,16745,-1,-1,1,51.25,201.75,-870.375
4.6903905425070604,-3.04086262293901,111.4923896640781,721,1454,16755,1,0,1,50.5,202.75,-871.5
4.671891468520874,-3.0846751494107405,111.42936071871252,704,1444,16772,-1,0,2,47.25,205.0,-873.875
4.68880908338399,-3.0486134626050174,111.3862278938436,693,1455,16750,-1,0,1,49.75,200.25,-873.5
4.688173004483743,-3.049450645332104,111.34333476428179,731,1438,16752,-2,-1,1,51.5,203.375,-870.625
4.691202752019711,-3.007515499039959,111.30676906558679,692,1432,16751,0,-1,2,53.0,205.0,-873.625
4.681115486341541,-3.0022166781191824,111.25991796603329,692,1430,16744,-1,0,1,49.25,200.625,-873.625
4.701236406186388,-2.9661507410713654,111.22809173822327,712,1446,16756,-1,-1,1,54.0,202.875,-874.5
4.70590347313339,-2.9801342663720796,111.17732815374207,701,1451,16750,1,0,0,50.0,202.75,-872.875
4.69136314929475,-2.9940011556278745,111.12274688857848,685,1438,16748,-2,-1,0,48.0,201.5,-871.0
4.701933131897851,-2.96037526012603,111.08154677761742,686,1444,16744,-1,-1,-1,51.25,201.25,-869.75
4.707181060112547,-2.975664440031021,111.0317248985454,707,1451,16739,0,1,0,50.125,204.0,-871.0
4.70507770487032,-2.9662765972447738,110.99383133216952,702,1434,16750,0,-1,3,51.5,204.25,-872.25
4.683979190090547,-2.9634224662909525,110.95282767004132,696,1412,16734,-1,-1,2,49.75,201.875,-873.5
4.678392195548753,-2.965425754713721,110.90786411024445,702,1428,16729,-2,-1,0,50.0,203.25,-872.75
4.686252617144977,-2.940232917225031,110.87163858970803,696,1436,16742,-2,0,1,50.125,199.625,-871.75
4.6691416589526815,-3.025581066211896,110.80493094005942,724,1440,16742,-1,-1,0,45.125,204.375,-869.0
4.6792925882577165,-2.974208298059802,110.7719719530392,695,1428,16752,0,1,1,51.75,205.625,-874.0
4.6850914366061005,-2.977200229831403,110.7272989480199,703,1442,16742,-1,-1,1,48.125,202.125,-874.375
4.6756051550267514,-2.9609307942915994,110.68436129288976,689,1419,16742,-1,-1,0,49.625,204.75,-872.5
4.681094033380459,-2.968824488363375,110.64130195368926,711,1438,16738,-1,-1,1,48.0,201.75,-875.75
4.678431478132495,-2.959062794887089,110.5960565150427,698,1424,16744,0,-1,-2,48.875,203.375,-873.125
4.697631917873157,-2.9309108609892602,110.56416910015405,717,1441,16753,-1,1,0,51.125,202.5,-874.0
4.715158350089613,-2.899647736168066,110.53338137535545,696,1442,16746,1,0,2,52.125,205.125,-872.625
4.721050857561246,-2.8795004695291975,110.49889092245303,702,1433,16765,1,0,-1,51.375,202.375,-874.625
4.713690587086631,-2.913521105922773,110.4528129914464,708,1444,16769,-2,0,2,48.5,204.625,-873.875
4.722367555609212,-2.8987075737925405,110.42313412615428,717,1438,16768,0,1,2,50.75,201.75,-870.25
4.713346063730443,-2.8979670054533075,110.38811458227097,705,1427,16756,-2,-1,2,49.625,202.375,-872.5
4.7411876951454115,-2.865135073339652,110.36249241418312,715,1452,16759,0,-1,0,52.75,202.25,-871.375
4.748636133409823,-2.8521703323908163,110.3350882500953,712,1443,16766,-1,0,2,51.5,201.375,-872.5
4.760406095822029,-2.872703617566995,110.29373889049506,703,1468,16764,-1,0,2,49.5,204.375,-872.25
4.753338039164241,-2.8778089643722664,110.25868257651594,706,1434,16753,1,-1,2,50.375,204.375,-870.75
4.764863068915278,-2.851518023640427,110.23166095411412,706,1443,16746,1,0,1,52.875,205.125,-868.75
4.757136417010044,-2.872056657350653,110.19371290674015,718,1441,16772,-1,-1,1,51.0,206.625,-869.75
4.758649214541281,-2.8704465436795097,110.16193075425382,713,1440,16757,1,0,2,51.5,206.75,-874.0
4.7742290571583155,-2.8571023744196,110.13521949768925,723,1452,16753,0,0,1,52.125,204.25,-873.75
4.772264915598893,-2.868110287275482,110.09187383466882,700,1452,16764,0,1,-1,49.25,205.5,-873.75
4.787312199755018,-2.856247503425143,110.06518318262981,723,1459,16754,-2,-1,1,51.5,203.125,-873.25
4.785371758509991,-2.864743711192707,110.03033188128997,719,1449,16746,-2,-1,0,50.375,204.625,-874.125
4.799858459179802,-2.8256408944969347,110.01003364248312,710,1449,16743,0,0,1,53.5,205.25,-875.375
4.790038315232669,-2.8464567242623824,109.972275589655,712,1447,16761,-1,0,1,50.5,207.25,-873.0
4.7866533399076845,-2.825013140950594,109.95040717993439,717,1432,16750,-1,-1,1,51.125,200.125,-870.375
4.76728688247575,-2.8917194051238964,109.89797561402207,710,1447,16758,0,-2,1,45.0,203.5,-873.125
4.75950253519335,-2.8869829512941316,109.86546099274811,715,1434,16763,-1,0,1,48.625,203.5,-869.625
4.758312589477113,-2.8520879670035635,109.84067752066763,699,1431,16768,0,1,2,50.25,204.375,-872.125
4.762504225175431,-2.836945046618362,109.81706168568184,718,1435,16761,0,-1,2,51.375,205.125,-870.125
4.772408675063326,-2.8138995418542274,109.79291534523252,721,1439,16761,0,1,-1,51.375,202.375,-869.875
4.78474339042145,-2.7910617643254128,109.76947103212582,699,1450,16762,0,0,2,50.75,202.25,-870.75
4.78296704398665,-2.795184209572004,109.74226982915279,709,1437,16748,1,-1,2,49.625,201.5,-873.0
4.7986876336570505,-2.7521785857191357,109.73149258505764,716,1441,16760,0,1,2,54.125,203.125,-872.125
4.7838792028039245,-2.7665049939686703,109.70603637784723,722,1426,16771,-1,-1,1,50.0,199.75,-875.125
4.786201638856288,-2.7632468325145196,109.68365615722453,719,1435,16768,1,-1,1,53.0,206.25,-872.875
4.775984285606809,-2.8009972135984857,109.64267962914694,708,1446,16759,-2,0,0,48.0,204.125,-870.75
4.771541990328498,-2.773660027087949,109.62360400960286,709,1422,16743,-1,1,1,51.5,202.875,-873.125
4.787397785020151,-2.740487366456996,109.60525286350222,701,1442,16742,0,-1,0,51.25,199.25,-872.0
4.781606174226589,-2.7545746288133204,109.5756753343207,706,1438,16757,-1,0,1,49.5,202.25,-874.0
4.790676970394395,-2.7542770035032826,109.54801945444025,705,1453,16764,-2,-2,0,50.875,203.75,-869.0
4.784525460101503,-2.7501642773358834,109.52569105264675,713,1428,16745,-1,0,1,51.5,204.375,-875.375
4.784605825881886,-2.769919556320572,109.48852546483981,697,1452,16764,-1,0,0,49.125,206.125,-870.25
4.7834537574906815,-2.7394803430544155,109.46530960921703,672,1434,16749,0,-1,2,50.0,202.875,-870.5
4.7993612012518385,-2.729340769731133,109.43956936761808,697,1454,16737,0,0,0,51.125,204.375,-871.0
4.78594938826768,-2.7485703638858596,109.41157265011219,708,1430,16743,-1,0,2,48.75,201.875,-870.625
4.7912223177518465,-2.7540304435831002,109.38573268565163,713,1448,16749,-2,0,1,49.5,202.375,-871.25
4.789151536290074,-2.728980664377995,109.36715953143764,699,1428,16759,0,0,1,50.5,201.25,-871.5
4.798976639657505,-2.702514344807628,109.35113256320514,701,1441,16732,-2,0,1,51.875,202.5,-876.125
4.78810600278642,-2.7400968933396808,109.3176671471532,709,1437,16737,-1,-1,1,48.125,202.625,-868.5
4.785695676629724,-2.752306038487115,109.2874573563094,701,1443,16738,-2,0,1,48.125,202.875,-873.25
4.786785227902598,-2.772776525959566,109.25657608810998,709,1450,16746,-2,0,2,47.625,203.5,-870.5
4.791012381899964,-2.7556318517825567,109.23445341933777,700,1442,16771,0,1,2,49.25,203.5,-869.375
4.793836031335089,-2.759650919082919,109.20253331104107,694,1447,16739,0,0,0,47.375,202.75,-873.5
4.78940051103731,-2.7838620429159264,109.16532700150421,697,1445,16748,1,0,1,46.625,205.75,-872.25
4.7998804449762655,-2.75251185469416,109.15127467369277,714,1435,16749,2,1,2,50.375,202.875,-867.5
4.819166668898064,-2.7092681622438026,109.1378783821491,695,1449,16734,0,-1,1,51.375,203.0,-874.5
4.818315848194634,-2.6715105944788484,109.12670578569222,696,1428,16735,-1,0,1,51.375,199.875,-867.875
4.821194750868854,-2.699188704723299,109.099469406509,713,1451,16744,0,-1,1,49.625,204.25,-871.25
4.822835775777203,-2.7024527456091576,109.08257922145569,721,1441,16760,0,-1,2,50.125,201.5,-873.0
4.82318215588898,-2.700110511652039,109.06219182575286,703,1444,16759,0,0,2,49.75,203.0,-870.0
4.827804681668964,-2.7049904321156775,109.03887062266003,713,1450,16764,0,0,0,49.5,202.625,-873.0
4.820095920516401,-2.7217430316410014,109.01225120555547,713,1438,16748,0,-1,0,48.0,201.5,-873.625
4.850064215053165,-2.656260285941589,109.01348288945314,709,1452,16754,1,0,2,55.375,205.625,-870.125
4.832180209114627,-2.665336225698499,108.98748786678519,685,1434,16750,-1,-1,1,49.625,204.625,-871.75
4.833237330904792,-2.6713498282310164,108.96390590248993,697,1448,16743,0,0,1,50.125,205.0,-871.5
4.828751546683942,-2.6923301692515933,108.9409614824528,723,1441,16752,-1,-2,0,49.625,202.75,-870.75
4.834908590726569,-2.6456388531638373,108.93543415966879,702,1432,16751,0,0,1,52.875,202.625,-873.375
4.835834501273556,-2.6799408754961,108.90843389398675,708,1455,16745,0,-1,2,48.0,202.5,-875.0
4.828515071340638,-2.6882273731296413,108.88609460481995,708,1436,16739,0,0,1,50.5,207.25,-872.125
4.817560830117238,-2.722189463142859,108.85176543583644,703,1443,16733,-1,-1,0,47.375,206.375,-873.5
4.836043534744484,-2.7024943274996334,108.83401123548947,707,1456,16750,1,-1,0,49.0,201.125,-871.75
4.8359257467257875,-2.70315880002178,108.81238086579154,711,1445,16747,-1,-2,0,50.125,206.625,-874.75
4.848514644334859,-2.6661557194300065,108.80389839634695,707,1446,16752,0,-1,1,51.75,203.375,-872.375
4.849940627467524,-2.650009199902118,108.78868634470318,697,1442,16736,0,-1,1,51.5,205.875,-872.375
4.863190132496441,-2.6298695333289057,108.77610993741804,709,1454,16752,-1,-2,-1,52.25,203.375,-872.875
4.8572149680234045,-2.65151333365469,108.75335349079157,710,1450,16752,-1,1,1,48.0,200.0,-870.75
4.859346950444334,-2.6684993615024926,108.73370359265871,719,1456,16748,-2,-2,1,48.625,200.625,-873.0
4.8592591605817175,-2.6591981844438046,108.72053745792321,709,1448,16752,-2,-1,2,50.125,202.875,-876.875
4.858202414540668,-2.664492036544384,108.70064188176207,703,1450,16738,0,1,2,49.125,204.25,-871.5
4.85787988192513,-2.669116951917506,108.68486420867316,726,1444,16744,-1,-2,0,49.75,201.5,-870.75
4.849292268586846,-2.697160166589105,108.65805717086083,718,1445,16749,0,-1,0,48.0,205.0,-874.25
4.859990435293783,-2.666112673809664,108.64653955969096,702,1452,16762,0,-1,1,50.375,203.375,-871.125
4.851585106699924,-2.6889881160830322,108.61931941567795,706,1447,16755,1,1,1,47.375,205.0,-872.875
4.847192485566187,-2.6595584442634874,108.61166344715267,710,1431,16744,-1,1,2,49.625,200.375,-870.625
4.859230702011834,-2.64833454990291,108.60310903146272,724,1450,16744,0,0,2,50.625,202.375,-872.75
4.8392776320472,-2.6658753541406486,108.58112367460708,704,1425,16727,1,1,2,47.75,203.75,-871.75
4.842145128137642,-2.6537734194859204,108.56875782856427,713,1442,16741,-2,-1,1,49.5,201.75,-873.25
4.849228049409149,-2.621777782644361,108.56598975292113,720,1429,16742,2,0,1,51.625,201.25,-876.25
4.827162777939019,-2.668001575883893,108.54141955975658,724,1431,16771,-2,-2,2,48.375,206.375,-870.25
4.853071202668511,-2.627262859307428,108.53866448328692,713,1458,16756,-1,1,2,51.375,202.125,-875.875
4.862952449453718,-2.6046903414921334,108.53625305858245,722,1443,16742,-1,0,2,52.0,201.875,-873.5
4.86504679488001,-2.593501348677073,108.52465261992317,701,1446,16751,-1,0,1,51.0,203.5,-874.625
4.8551177511566275,-2.593070250551565,108.51325901707033,703,1430,16724,-1,-1,2,51.125,204.375,-870.25
4.872100897868137,-2.59441498725726,108.50104568911597,706,1466,16757,-1,-2,2,50.0,201.25,-872.5
4.86196761688144,-2.5660376372756644,108.49326003973134,692,1425,16737,-1,0,0,51.875,202.625,-872.25
4.840917858847262,-2.5999074891780287,108.47013458751405,702,1424,16733,1,0,1,48.875,205.125,-875.625
4.827552403258003,-2.61456802210946,108.44580728969679,685,1433,16732,-1,1,1,48.125,205.375,-871.875
4.79758513899344,-2.6316614921148966,108.42209996275032,684,1410,16726,-2,0,2,46.875,204.125,-873.5
4.819574151725277,-2.5846684193327167,108.42024194147706,694,1441,16734,-1,0,2,51.375,202.125,-873.0
4.826550788878395,-2.5425305277137786,108.41559517089794,674,1433,16751,-1,0,2,50.5,199.75,-875.25
4.812392655720119,-2.6098319801905085,108.38084690464731,692,1440,16743,0,-1,2,46.75,208.125,-874.125
4.830437274110152,-2.584448068489478,108.36850730602187,676,1451,16731,0,0,2,49.0,202.125,-873.625
4.8258697342385855,-2.5808555693268733,108.35504965580527,697,1429,16742,-1,0,1,50.25,204.75,-870.25
4.831252178354438,-2.5867016262571942,108.34537345981401,718,1436,16740,0,0,2,49.75,201.75,-872.875
4.824236315748122,-2.583724694184433,108.32936135107582,687,1430,16753,-1,-1,1,49.25,204.375,-875.125
4.82807523567153,-2.5970205609697676,108.3080286842834,692,1444,16749,1,0,1,49.375,208.25,-873.125
4.838428485938377,-2.547864266417084,108.3101864267849,693,1428,16759,1,-1,2,51.75,200.625,-873.5
4.842036086701115,-2.5055143161108053,108.31402045667527,699,1422,16758,-1,-1,1,54.0,202.75,-870.375
4.8369524785914,-2.5257719172806983,108.3019205455035,707,1433,16772,0,1,2,49.625,200.5,-871.25
4.819875602024238,-2.5435756847021347,108.28484906192926,688,1419,16741,0,1,2,48.75,202.625,-867.875
4.820293372775115,-2.5434719402456496,108.27555102795876,700,1428,16749,0,0,2,50.125,202.25,-872.0
4.830909177570444,-2.5614414637240923,108.2594043488579,698,1449,16748,0,-2,2,50.125,206.875,-876.0
4.82964653398369,-2.5683015602774,108.24909007739572,711,1435,16758,-2,0,2,48.625,199.375,-869.625
4.838062633351503,-2.5528480735872057,108.24155730212456,699,1438,16739,-1,-1,1,51.5,205.125,-871.25
4.834034877663493,-2.556782967633854,108.22610539136171,699,1433,16765,0,2,0,48.75,201.625,-872.75
4.836019106814661,-2.5536876901921044,108.21743454574451,710,1430,16753,1,1,1,51.0,204.75,-872.25
4.837443041709356,-2.5546605378773446,108.20591738973441,702,1434,16761,1,0,1,49.25,201.5,-872.5
4.842408957180697,-2.570354871914885,108.19121754101849,705,1448,16754,-1,0,2,48.0,201.125,-873.25
4.808484677870092,-2.620170718536077,108.16362394543803,704,1408,16754,1,-1,1,45.375,203.25,-871.125
4.819277221198531,-2.5939291446563635,108.15844060980562,711,1435,16750,-2,0,1,50.5,204.375,-870.0
4.8289278402355595,-2.559846588270367,108.15697562879187,706,1430,16747,-1,0,1,51.625,204.0,-870.25
4.847407949097588,-2.5442822686364406,108.15118866338871,705,1450,16753,-1,-1,1,51.0,203.25,-871.75
4.84765966581738,-2.5666821441855223,108.13502780856697,709,1447,16766,-2,-2,1,49.0,204.0,-870.25
4.843225415850585,-2.5869401086816817,108.11735916010001,707,1441,16765,-1,-1,1,47.875,203.5,-873.75
4.848192767453022,-2.576680922610416,108.11489338087358,727,1439,16760,-3,0,2,50.625,202.875,-872.25
4.843983958331289,-2.565804806349237,108.11113055380729,723,1428,16780,-2,0,1,51.0,203.75,-872.625
4.862506810000067,-2.5239523132856716,108.11090234663874,698,1445,16766,0,-1,0,53.125,205.625,-873.625
4.860403853667489,-2.525997381655438,108.1088019454309,724,1431,16782,0,-1,2,51.75,203.375,-874.125
4.850893686634018,-2.580058009192881,108.08516723237814,720,1443,16760,0,1,1,47.25,204.75,-875.5
4.834884259598453,-2.594448042278948,108.07015076949563,716,1418,16744,0,-1,0,48.75,204.75,-871.125
4.843708306769787,-2.5746770318058245,108.05960344393479,707,1438,16760,0,-1,-2,50.125,204.125,-872.625
4.858215871236989,-2.5702721531151065,108.04889509329506,711,1453,16751,-1,-1,0,49.875,204.375,-871.125
4.878061701682805,-2.5454576248428658,108.0452395166621,700,1459,16766,0,0,2,50.75,204.0,-874.125
4.89003085036979,-2.5285211610242424,108.03852506002852,695,1454,16738,0,0,1,50.5,203.125,-871.625
4.883829770275495,-2.5185761097021064,108.03222731346601,712,1432,16764,0,1,-1,51.75,204.375,-872.0
4.887088125871494,-2.509313784530681,108.02420986684521,702,1446,16761,-1,-1,-1,50.75,201.875,-873.0
4.863855625020435,-2.5256522395668215,108.00902932014392,697,1425,16764,-2,-1,0,48.75,202.25,-870.375
4.869194127671188,-2.544406700712608,108.00444497676209,737,1443,16771,0,-2,2,50.625,203.125,-874.125
4.87202720592713,-2.5017468755025605,108.01635499653902,719,1427,16771,-2,0,3,53.125,200.875,-872.375
4.87109527765318,-2.528214165424823,108.00609072499513,727,1444,16767,-1,0,1,50.75,205.5,-874.375
4.876472349779911,-2.505085255767928,108.00242334928001,707,1438,16758,0,2,-1,51.375,202.0,-873.75
4.8629979804774806,-2.53637336909329,107.98546467149589,704,1432,16755,1,-1,1,48.125,203.0,-873.0
4.875421434239373,-2.5579835140837277,107.96961740566559,717,1463,16760,-1,0,0,48.75,204.0,-871.625
4.873295486713888,-2.557083864038626,107.95781013780541,699,1445,16740,-2,0,1,48.125,201.75,-871.5
4.8972888419382965,-2.468124454399626,107.9727492269272,691,1445,16776,-1,0,0,55.75,204.375,-872.25
4.898713818532148,-2.4308805321561593,107.98108972966745,701,1432,16768,-1,0,1,54.5,202.25,-871.375
4.892743929620114,-2.457453708588605,107.97194286859194,715,1444,16765,-2,0,0,50.875,201.125,-873.5
4.894829721447033,-2.4717845723842595,107.96704823829296,711,1448,16774,0,-1,2,51.625,203.5,-871.5
4.900003804037687,-2.4923131737755004,107.95873192848667,716,1454,16762,0,-1,1,50.0,200.625,-872.0
4.877599769548129,-2.54199708837695,107.94020790165759,713,1435,16760,-1,-1,2,47.625,203.375,-870.25
4.887442697485102,-2.5284399006403735,107.94020113447766,726,1451,16787,-2,0,1,51.125,201.875,-873.625
4.897562665071583,-2.518627338663347,107.93684758404487,714,1457,16772,-2,0,1,51.5,204.5,-871.125
4.903575123578494,-2.4860896155233756,107.93984101421115,702,1440,16758,1,0,1,53.0,204.25,-870.125
4.910117499606941,-2.5125988765247333,107.92572823447318,707,1468,16751,-2,-1,1,49.125,202.75,-869.875
4.907851763101696,-2.547329699209778,107.9057186769772,716,1462,16775,-1,0,-1,48.25,204.0,-871.25
4.905136098889143,-2.5499195990800154,107.89503326590268,706,1454,16780,-1,0,1,47.875,200.375,-872.375
4.901504689539193,-2.528903490835752,107.89174302347102,703,1443,16780,-1,0,1,50.125,202.125,-870.125
4.8952309751359895,-2.5080227884042836,107.88725550276403,699,1435,16787,1,1,0,50.5,202.625,-872.25
4.894978812494861,-2.5158855194384904,107.87599846241771,698,1453,16769,-1,-1,1,48.625,201.625,-872.75
4.879720648478051,-2.5452281396168512,107.86397498832736,722,1439,16778,-2,1,2,48.125,202.875,-873.375
4.88399671787441,-2.508942834009733,107.8657006606829,705,1437,16772,-1,-1,0,51.375,201.75,-872.0
4.890072449235873,-2.492944858865004,107.86645232640284,711,1443,16766,-1,-2,1,51.875,203.25,-874.0
4.896260540764505,-2.519937269541599,107.84960580743136,720,1460,16757,-1,1,-2,50.125,206.5,-870.0
4.8998334835990915,-2.524355420936043,107.8424327119255,715,1453,16785,0,0,1,49.25,201.75,-873.0
4.906273622095582,-2.5127208012255724,107.84048668689317,722,1451,16777,-1,1,0,50.625,201.5,-875.875
4.899161410668625,-2.517651451229987,107.83370063861045,713,1443,16759,-2,0,1,50.375,204.75,-872.375
4.894393776070459,-2.49674100233376,107.83917994312593,719,1430,16771,-1,-1,2,51.5,200.75,-872.0
4.884397608856857,-2.520761884316869,107.82653189656125,716,1442,16773,-2,-1,0,49.0,203.25,-873.0
4.895895651988127,-2.4893062271899717,107.82670876368621,695,1452,16753,-2,0,1,50.75,201.125,-869.75
4.89523531224582,-2.4777826708101993,107.82728321246147,709,1437,16755,-1,-2,1,50.875,200.125,-875.125
4.8845110829247345,-2.4899439597351094,107.81906165851885,700,1438,16751,-2,0,2,49.125,202.0,-873.0
4.8730258963959665,-2.508559467523999,107.8098968323918,712,1432,16765,-1,-2,1,49.75,204.125,-871.0
4.866987595059675,-2.4818625744669167,107.8073331666306,697,1422,16756,0,1,-1,50.5,201.0,-872.625
4.86206992572826,-2.509572846249768,107.78841328855863,694,1445,16759,-1,0,0,47.25,202.625,-872.0
4.849848159960238,-2.5090431100497184,107.78180939115035,706,1420,16746,-2,-2,0,48.875,200.5,-874.25
4.8492845383136,-2.5191784452596937,107.7736547320465,712,1433,16741,-1,-1,1,49.0,202.875,-870.875
4.83163496761206,-2.517825377539162,107.76240909599142,687,1416,16760,-1,0,1,48.0,203.5,-874.375
4.813074867022323,-2.5451215746051106,107.74309192262949,700,1419,16757,-2,0,0,46.0,202.375,-871.5
4.822185247325663,-2.5616129571871515,107.72756985880736,711,1443,16736,-2,-1,0,47.875,206.375,-874.625
4.847758362515713,-2.498606150224723,107.73547423074187,694,1439,16758,0,-1,1,51.625,202.375,-872.625
4.8556432092791475,-2.5008736415175172,107.73145088813939,720,1436,16758,0,-2,0,50.25,202.75,-872.0
4.848869446622744,-2.5129774598039543,107.71910491080689,707,1429,16753,-1,-1,-1,48.125,201.75,-872.0
4.868593804880892,-2.472345856491421,107.72908837681038,710,1441,16765,-1,-2,2,53.0,203.75,-872.25
4.863314847712571,-2.4789610190259497,107.71900512140927,691,1434,16757,0,0,1,50.25,207.25,-871.375
4.876185933762668,-2.5017684135109497,107.71037697895777,725,1457,16767,-2,-3,0,50.25,205.0,-874.375
4.878719536925397,-2.4638129138798415,107.71890008939016,712,1428,16754,-2,1,1,52.875,203.375,-873.25
4.873574717358829,-2.449156381361467,107.71890360953104,699,1426,16763,0,1,1,51.375,203.125,-869.625
4.9010404609987575,-2.433807517910114,107.71931481462346,702,1465,16765,1,2,1,51.125,200.75,-872.875
4.9002006139672245,-2.463182914527652,107.70945928519706,711,1450,16769,0,-1,1,50.75,206.375,-872.375
4.904831994186537,-2.469033204375715,107.70190507834188,709,1449,16748,0,0,-1,50.75,204.125,-873.125
4.894176253249243,-2.4976644810735773,107.68739976749774,696,1448,16770,-1,0,2,46.875,201.25,-873.5
4.905769085760878,-2.466117653749188,107.69273230699744,705,1450,16764,-1,2,2,52.25,204.5,-871.375
4.908313896153547,-2.4654458749342143,107.68775738213753,699,1450,16743,-1,0,1,50.0,202.25,-870.25
4.903134513698499,-2.443674941911175,107.68746827832855,693,1436,16753,-2,0,0,52.0,204.25,-871.125
4.887347490872519,-2.433198880041964,107.67874015317074,673,1425,16751,0,0,-1,49.125,200.125,-874.375
4.870659543012519,-2.4771832238229803,107.66249898862121,704,1433,16747,-1,0,1,47.875,203.5,-871.125
4.861643858559027,-2.4942056894741595,107.6498004507143,699,1432,16772,0,-2,0,49.25,206.5,-875.25
4.855524992147761,-2.531844579170384,107.62955807505256,706,1445,16758,-2,0,0,46.125,203.375,-872.75
4.8923057809138975,-2.4971521753823085,107.63237602879526,706,1469,16750,0,-1,1,50.625,202.375,-873.125
4.897692307992579,-2.4969218687742,107.62235331041093,700,1451,16754,0,-1,-1,48.625,202.375,-876.0
4.885081595075072,-2.497209040346227,107.61046149405833,679,1435,16755,0,-1,1,47.125,201.625,-871.875
4.895522256600092,-2.4784392674204736,107.60696100379036,690,1450,16737,0,0,1,49.5,202.625,-872.0
4.897590149806701,-2.442060054681482,107.60778941193628,682,1438,16748,-1,0,0,50.75,201.625,-873.75
4.885823891293515,-2.4720185082749313,107.59796117238233,708,1440,16763,-2,0,2,48.625,203.5,-872.125
4.8825183128812615,-2.485655420490508,107.58665018601923,696,1445,16757,-1,0,1,48.625,204.875,-870.375
4.872236509188108,-2.483615061033223,107.57797249226147,687,1434,16757,-2,0,1,47.25,199.875,-871.25
